{"epochs": [0, 1, 2, 3, 4, 5, 6, 7, 8, 9, 10, 11, 12, 13, 14, 15, 16], "val_acc": [0.9856404662132263, 0.9965537190437317, 0.9956921339035034, 0.9965537190437317, 0.9977024793624878, 0.9959793090820312, 0.9991384148597717, 0.9979896545410156, 0.9959793090820312, 0.99741530418396, 0.9979896545410156, 0.9988512396812439, 0.9962664842605591, 0.9988512396812439, 0.9959793090820312, 0.9982768297195435, 0.9991384148597717], "train_acc": [0.9894683361053467, 0.9981489777565002, 0.9990744590759277, 0.9986914992332458, 0.9993616938591003, 0.9982766509056091, 0.9999681115150452, 0.9997127652168274, 0.9976383447647095, 0.9993616938591003, 0.9998084902763367, 0.9995213150978088, 0.9991702437400818, 0.9999042749404907, 0.9991064071655273, 0.9997127652168274, 0.9999681115150452], "test_acc": [0.9836856722831726, 0.9948299527168274, 0.9965533018112183, 0.9958639740943909, 0.998046875, 0.9958639740943909, 0.997931957244873, 0.9975873231887817, 0.9936810731887817, 0.9964384436607361, 0.9982766509056091, 0.9978170990943909, 0.9972426295280457, 0.9982766509056091, 0.9966682195663452, 0.9970128536224365, 0.997931957244873]}