{"model_name": ["DenseNet121", "DenseNet169", "DenseNet201", "EfficientNetB0", "EfficientNetB1", "EfficientNetB2", "EfficientNetB3", "EfficientNetB4", "EfficientNetB5", "EfficientNetB6", "EfficientNetB7", "InceptionResNetV2", "InceptionV3", "MobileNet", "MobileNetV2", "MobileNetV3Large", "MobileNetV3Small", "ResNet101", "ResNet101V2", "ResNet152", "ResNet152V2", "ResNet50", "ResNet50V2", "VGG16", "VGG19", "Xception"], "num_model_params": [7037504, 12642880, 18321984, 4049571, 6575239, 7768569, 10783535, 17673823, 28513527, 40960143, 64097687, 54336736, 21802784, 3228864, 2257984, 4226432, 1529968, 42658176, 42626560, 58370944, 58331648, 23587712, 23564800, 14714688, 20024384, 20861480], "validation_accuracy": [0.9700000286102295, 0.9800000190734863, 0.9649999737739563, 0.36000001430511475, 0.20000000298023224, 0.20000000298023224, 0.20000000298023224, 0.20000000298023224, 0.27000001072883606, 0.25999999046325684, 0.20000000298023224, 0.9800000190734863, 0.9900000095367432, 0.9850000143051147, 0.9700000286102295, 0.20499999821186066, 0.20000000298023224, 0.824999988079071, 0.9950000047683716, 0.8199999928474426, 0.9900000095367432, 0.8349999785423279, 0.9950000047683716, 0.9599999785423279, 0.8100000023841858, 0.9850000143051147]}