{"epochs": [0, 1, 2], "val_acc": [0.9887499809265137, 0.9925000071525574, 0.9937499761581421], "train_acc": [0.9916666746139526, 0.9956944584846497, 0.9980555772781372], "test_acc": [0.9869999885559082, 0.9919999837875366, 0.9975000023841858]}